Name,Age,Gender,Nationality
Alice Johnson,29, Female, American
Carlos Ramirez,34, Male, Spanish
Aisha Patel,27, Female, Indian
John Smith,45, Male, British
Marie Dupont,31, Female, French
Tariq Ahmed,38, Male, Pakistani
Sofia Rossi,25, Female, Italian
Michael Brown,40, Male, Australian
Lina Schmidt,33, Female, German
Hiroshi Tanaka,28, Male, Japanese
Emily Davis,32, Female, American
Javier Lopez,29, Male, Spanish
Priya Kumar,26, Female, Indian
Sarah Williams,42, Female, British
Antoine Lefevre,34, Male, French
Amina Khan,36, Female, Pakistani
Giuseppe Romano,28, Male, Italian
Olivia Green,38, Female, Australian
Hans MÃ¼ller,30, Male, German
Yuki Nakamura,27, Female, Japanese
David Wilson,31, Male, American
Isabel Martinez,33, Female, Spanish
Rohan Singh,30, Male, Indian
Emma Taylor,29, Female, British
Claire Martin,28, Female, French
Ahmed Ali,40, Male, Pakistani
Elena Conti,32, Female, Italian
James Anderson,35, Male, Australian
Greta Fischer,27, Female, German
Kenji Suzuki,31, Male, Japanese
Samantha Moore,34, Female, American
Pablo Fernandez,38, Male, Spanish
Ananya Sharma,29, Female, Indian
Daniel Brown,43, Male, British
Sophie Laurent,26, Female, French
Bilal Hussain,35, Male, Pakistani
Luca Bianchi,27, Male, Italian
Rebecca Clark,37, Female, Australian
Klaus Wagner,32, Male, German
Naomi Yamada,29, Female, Japanese
